-- --------------------------------------------------------
-- Host:                         localhost
-- Server version:               5.6.37 - MySQL Community Server (GPL)
-- Server OS:                    Win32
-- HeidiSQL Version:             10.2.0.5599
-- --------------------------------------------------------

/*!40101 SET @OLD_CHARACTER_SET_CLIENT=@@CHARACTER_SET_CLIENT */;
/*!40101 SET NAMES utf8 */;
/*!50503 SET NAMES utf8mb4 */;
/*!40014 SET @OLD_FOREIGN_KEY_CHECKS=@@FOREIGN_KEY_CHECKS, FOREIGN_KEY_CHECKS=0 */;
/*!40101 SET @OLD_SQL_MODE=@@SQL_MODE, SQL_MODE='NO_AUTO_VALUE_ON_ZERO' */;


-- Dumping database structure for saraburi
CREATE DATABASE IF NOT EXISTS `saraburi` /*!40100 DEFAULT CHARACTER SET utf8 COLLATE utf8_unicode_ci */;
USE `saraburi`;

-- Dumping structure for table saraburi.campur_covid_r4
CREATE TABLE IF NOT EXISTS `campur_covid_r4` (
  `ampurcode_r4` varchar(2) NOT NULL,
  `ampurname_r4` varchar(255) DEFAULT NULL,
  `ampurcode_r4full_r4` varchar(4) NOT NULL,
  `ampurcolor_r4` varchar(20) DEFAULT NULL,
  `lat_confirm_r4` varchar(100) DEFAULT NULL,
  `lon_confirm_r4` varchar(100) DEFAULT NULL,
  `lat_wait_r4` varchar(100) DEFAULT NULL,
  `lot_wait_r4` varchar(100) DEFAULT NULL,
  `lat_notfound_r4` varchar(100) DEFAULT NULL,
  `lot_notfound_r4` varchar(100) DEFAULT NULL,
  `lat_daeth_r4` varchar(100) DEFAULT NULL,
  `lot_daeth_r4` varchar(100) DEFAULT NULL,
  `lot_ampurname_r4` varchar(100) DEFAULT NULL,
  `lat_ampurname_r4` varchar(100) DEFAULT NULL,
  `changwatcode_r4` varchar(100) DEFAULT '19',
  PRIMARY KEY (`ampurcode_r4`,`ampurcode_r4full_r4`),
  KEY `idx1` (`ampurcode_r4full_r4`)
) ENGINE=InnoDB DEFAULT CHARSET=utf8;

-- Dumping data for table saraburi.campur_covid_r4: ~8 rows (approximately)
/*!40000 ALTER TABLE `campur_covid_r4` DISABLE KEYS */;
INSERT INTO `campur_covid_r4` (`ampurcode_r4`, `ampurname_r4`, `ampurcode_r4full_r4`, `ampurcolor_r4`, `lat_confirm_r4`, `lon_confirm_r4`, `lat_wait_r4`, `lot_wait_r4`, `lat_notfound_r4`, `lot_notfound_r4`, `lat_daeth_r4`, `lot_daeth_r4`, `lot_ampurname_r4`, `lat_ampurname_r4`, `changwatcode_r4`) VALUES
	('01', 'นนทบุรี', '1', '#FF0000', '13.932766316128543', '100.34612465058592', '13.90477398687035', '100.39144325410155', '13.876778271553963', '100.33651161347655', '13.855445933890527', '100.3941898361328', '100.5143528', '13.8621125', '12'),
	('02', 'ปทุมธานี', '2', '#800000', '14.08212026731939', '100.67883619375', '14.036827072496497', '100.63214429921875', '14.042156148874621', '100.69806226796875', '13.999520070440525', '100.6403840453125', '100.5250276', '14.0208391', '13'),
	('03', 'อ่างทอง', '3', '#FFFF00', '14.695900393790403', '100.32870922656247', '14.64010194602861', '100.27103100390622', '14.6454166964265', '100.36166821093747', '14.586947365775377', '100.30948315234372', '100.31360642539063', '14.613512264602992', '15'),
	('04', 'ลพบุรี', '4', '#808000', '15.184206124126884', '100.78795311953127', '15.115276810773322', '100.70280907656252', '15.109973626666848', '100.82091210390627', '14.998576209277942', '100.76598046328127', '100.58195946718752', '14.786230364812878', '16'),
	('05', 'สิงห์บุรี', '5', '#00FF00', '14.999771469941859', '100.31982710312501', '14.944051275871441', '100.30334761093751', '14.957319302747582', '100.39673140000001', '14.896279593381236', '100.35003950546876', '100.32669355820313', '14.87371705757493', '17'),
	('06', 'สระบุรี', '6', '#008000', '14.62460962217503', '100.98979297890627', '14.563476440005354', '100.92387501015627', '14.568793042729373', '101.05296436562502', '14.478393393990062', '100.99528614296877', '100.82774463906252', '14.520939007586144', '19'),
	('07', 'นครนายก', '7', '#808080', '14.276163062655462', '101.12790705703124', '14.204284004866656', '101.06198908828124', '14.19895872064645', '101.17459895156249', '14.116400827376646', '101.11692072890624', '101.07984187148436', '14.228246232914607', '26'),
	('08', 'พระนครศรีอยุธยา', '8', '#00FFFF', '14.363855946937296', '100.36571282968747', '14.284020028366701', '100.32726068124997', '14.307973785456872', '100.44261712656247', '14.225455672957201', '100.38768548593747', '100.41377801523434', '14.306643088137072', '1401');
/*!40000 ALTER TABLE `campur_covid_r4` ENABLE KEYS */;

-- Dumping structure for table saraburi.covid_amount_detail_r4
CREATE TABLE IF NOT EXISTS `covid_amount_detail_r4` (
  `cvr4_head_id` varchar(20) NOT NULL,
  `cvr4_detail_ampur` varchar(10) NOT NULL,
  `cvr4_detail_type` varchar(2) NOT NULL,
  `cvr4_detail_amount` int(11) NOT NULL DEFAULT '0',
  PRIMARY KEY (`cvr4_head_id`,`cvr4_detail_ampur`,`cvr4_detail_type`)
) ENGINE=InnoDB DEFAULT CHARSET=utf8;

-- Dumping data for table saraburi.covid_amount_detail_r4: ~128 rows (approximately)
/*!40000 ALTER TABLE `covid_amount_detail_r4` DISABLE KEYS */;
INSERT INTO `covid_amount_detail_r4` (`cvr4_head_id`, `cvr4_detail_ampur`, `cvr4_detail_type`, `cvr4_detail_amount`) VALUES
	('518fddrRcTNEgR8f7tWJ', '1', '1', 1),
	('518fddrRcTNEgR8f7tWJ', '1', '2', 1),
	('518fddrRcTNEgR8f7tWJ', '1', '3', 1),
	('518fddrRcTNEgR8f7tWJ', '1', '4', 1),
	('518fddrRcTNEgR8f7tWJ', '2', '1', 2),
	('518fddrRcTNEgR8f7tWJ', '2', '2', 2),
	('518fddrRcTNEgR8f7tWJ', '2', '3', 2),
	('518fddrRcTNEgR8f7tWJ', '2', '4', 2),
	('518fddrRcTNEgR8f7tWJ', '3', '1', 3),
	('518fddrRcTNEgR8f7tWJ', '3', '2', 3),
	('518fddrRcTNEgR8f7tWJ', '3', '3', 3),
	('518fddrRcTNEgR8f7tWJ', '3', '4', 3),
	('518fddrRcTNEgR8f7tWJ', '4', '1', 4),
	('518fddrRcTNEgR8f7tWJ', '4', '2', 4),
	('518fddrRcTNEgR8f7tWJ', '4', '3', 4),
	('518fddrRcTNEgR8f7tWJ', '4', '4', 4),
	('518fddrRcTNEgR8f7tWJ', '5', '1', 5),
	('518fddrRcTNEgR8f7tWJ', '5', '2', 5),
	('518fddrRcTNEgR8f7tWJ', '5', '3', 5),
	('518fddrRcTNEgR8f7tWJ', '5', '4', 5),
	('518fddrRcTNEgR8f7tWJ', '6', '1', 6),
	('518fddrRcTNEgR8f7tWJ', '6', '2', 6),
	('518fddrRcTNEgR8f7tWJ', '6', '3', 6),
	('518fddrRcTNEgR8f7tWJ', '6', '4', 6),
	('518fddrRcTNEgR8f7tWJ', '7', '1', 7),
	('518fddrRcTNEgR8f7tWJ', '7', '2', 7),
	('518fddrRcTNEgR8f7tWJ', '7', '3', 7),
	('518fddrRcTNEgR8f7tWJ', '7', '4', 7),
	('518fddrRcTNEgR8f7tWJ', '8', '1', 8),
	('518fddrRcTNEgR8f7tWJ', '8', '2', 8),
	('518fddrRcTNEgR8f7tWJ', '8', '3', 8),
	('518fddrRcTNEgR8f7tWJ', '8', '4', 8),
	('agiEcPmAwxoUmelcrgIy', '1', '1', 3),
	('agiEcPmAwxoUmelcrgIy', '1', '2', 2),
	('agiEcPmAwxoUmelcrgIy', '1', '3', 2),
	('agiEcPmAwxoUmelcrgIy', '1', '4', 2),
	('agiEcPmAwxoUmelcrgIy', '2', '1', 0),
	('agiEcPmAwxoUmelcrgIy', '2', '2', 0),
	('agiEcPmAwxoUmelcrgIy', '2', '3', 0),
	('agiEcPmAwxoUmelcrgIy', '2', '4', 0),
	('agiEcPmAwxoUmelcrgIy', '3', '1', 0),
	('agiEcPmAwxoUmelcrgIy', '3', '2', 0),
	('agiEcPmAwxoUmelcrgIy', '3', '3', 0),
	('agiEcPmAwxoUmelcrgIy', '3', '4', 0),
	('agiEcPmAwxoUmelcrgIy', '4', '1', 0),
	('agiEcPmAwxoUmelcrgIy', '4', '2', 0),
	('agiEcPmAwxoUmelcrgIy', '4', '3', 0),
	('agiEcPmAwxoUmelcrgIy', '4', '4', 0),
	('agiEcPmAwxoUmelcrgIy', '5', '1', 0),
	('agiEcPmAwxoUmelcrgIy', '5', '2', 0),
	('agiEcPmAwxoUmelcrgIy', '5', '3', 0),
	('agiEcPmAwxoUmelcrgIy', '5', '4', 0),
	('agiEcPmAwxoUmelcrgIy', '6', '1', 0),
	('agiEcPmAwxoUmelcrgIy', '6', '2', 0),
	('agiEcPmAwxoUmelcrgIy', '6', '3', 0),
	('agiEcPmAwxoUmelcrgIy', '6', '4', 0),
	('agiEcPmAwxoUmelcrgIy', '7', '1', 0),
	('agiEcPmAwxoUmelcrgIy', '7', '2', 0),
	('agiEcPmAwxoUmelcrgIy', '7', '3', 0),
	('agiEcPmAwxoUmelcrgIy', '7', '4', 0),
	('agiEcPmAwxoUmelcrgIy', '8', '1', 0),
	('agiEcPmAwxoUmelcrgIy', '8', '2', 0),
	('agiEcPmAwxoUmelcrgIy', '8', '3', 0),
	('agiEcPmAwxoUmelcrgIy', '8', '4', 0),
	('QkRnn01ZXgxz5eDWIt1s', '1', '1', 0),
	('QkRnn01ZXgxz5eDWIt1s', '1', '2', 0),
	('QkRnn01ZXgxz5eDWIt1s', '1', '3', 0),
	('QkRnn01ZXgxz5eDWIt1s', '1', '4', 0),
	('QkRnn01ZXgxz5eDWIt1s', '2', '1', 6),
	('QkRnn01ZXgxz5eDWIt1s', '2', '2', 7),
	('QkRnn01ZXgxz5eDWIt1s', '2', '3', 9),
	('QkRnn01ZXgxz5eDWIt1s', '2', '4', 8),
	('QkRnn01ZXgxz5eDWIt1s', '3', '1', 0),
	('QkRnn01ZXgxz5eDWIt1s', '3', '2', 0),
	('QkRnn01ZXgxz5eDWIt1s', '3', '3', 0),
	('QkRnn01ZXgxz5eDWIt1s', '3', '4', 0),
	('QkRnn01ZXgxz5eDWIt1s', '4', '1', 0),
	('QkRnn01ZXgxz5eDWIt1s', '4', '2', 0),
	('QkRnn01ZXgxz5eDWIt1s', '4', '3', 0),
	('QkRnn01ZXgxz5eDWIt1s', '4', '4', 0),
	('QkRnn01ZXgxz5eDWIt1s', '5', '1', 0),
	('QkRnn01ZXgxz5eDWIt1s', '5', '2', 0),
	('QkRnn01ZXgxz5eDWIt1s', '5', '3', 0),
	('QkRnn01ZXgxz5eDWIt1s', '5', '4', 0),
	('QkRnn01ZXgxz5eDWIt1s', '6', '1', 0),
	('QkRnn01ZXgxz5eDWIt1s', '6', '2', 0),
	('QkRnn01ZXgxz5eDWIt1s', '6', '3', 0),
	('QkRnn01ZXgxz5eDWIt1s', '6', '4', 0),
	('QkRnn01ZXgxz5eDWIt1s', '7', '1', 0),
	('QkRnn01ZXgxz5eDWIt1s', '7', '2', 0),
	('QkRnn01ZXgxz5eDWIt1s', '7', '3', 0),
	('QkRnn01ZXgxz5eDWIt1s', '7', '4', 0),
	('QkRnn01ZXgxz5eDWIt1s', '8', '1', 0),
	('QkRnn01ZXgxz5eDWIt1s', '8', '2', 0),
	('QkRnn01ZXgxz5eDWIt1s', '8', '3', 0),
	('QkRnn01ZXgxz5eDWIt1s', '8', '4', 0),
	('XtszEd2lJjqtV753rt0E', '1', '1', 0),
	('XtszEd2lJjqtV753rt0E', '1', '2', 0),
	('XtszEd2lJjqtV753rt0E', '1', '3', 0),
	('XtszEd2lJjqtV753rt0E', '1', '4', 0),
	('XtszEd2lJjqtV753rt0E', '2', '1', 0),
	('XtszEd2lJjqtV753rt0E', '2', '2', 0),
	('XtszEd2lJjqtV753rt0E', '2', '3', 0),
	('XtszEd2lJjqtV753rt0E', '2', '4', 0),
	('XtszEd2lJjqtV753rt0E', '3', '1', 20),
	('XtszEd2lJjqtV753rt0E', '3', '2', 3),
	('XtszEd2lJjqtV753rt0E', '3', '3', 4),
	('XtszEd2lJjqtV753rt0E', '3', '4', 4),
	('XtszEd2lJjqtV753rt0E', '4', '1', 0),
	('XtszEd2lJjqtV753rt0E', '4', '2', 0),
	('XtszEd2lJjqtV753rt0E', '4', '3', 0),
	('XtszEd2lJjqtV753rt0E', '4', '4', 0),
	('XtszEd2lJjqtV753rt0E', '5', '1', 0),
	('XtszEd2lJjqtV753rt0E', '5', '2', 0),
	('XtszEd2lJjqtV753rt0E', '5', '3', 0),
	('XtszEd2lJjqtV753rt0E', '5', '4', 0),
	('XtszEd2lJjqtV753rt0E', '6', '1', 0),
	('XtszEd2lJjqtV753rt0E', '6', '2', 0),
	('XtszEd2lJjqtV753rt0E', '6', '3', 0),
	('XtszEd2lJjqtV753rt0E', '6', '4', 0),
	('XtszEd2lJjqtV753rt0E', '7', '1', 0),
	('XtszEd2lJjqtV753rt0E', '7', '2', 0),
	('XtszEd2lJjqtV753rt0E', '7', '3', 0),
	('XtszEd2lJjqtV753rt0E', '7', '4', 0),
	('XtszEd2lJjqtV753rt0E', '8', '1', 0),
	('XtszEd2lJjqtV753rt0E', '8', '2', 0),
	('XtszEd2lJjqtV753rt0E', '8', '3', 0),
	('XtszEd2lJjqtV753rt0E', '8', '4', 0);
/*!40000 ALTER TABLE `covid_amount_detail_r4` ENABLE KEYS */;

-- Dumping structure for table saraburi.covid_amount_head_r4
CREATE TABLE IF NOT EXISTS `covid_amount_head_r4` (
  `cvr4_head_id` varchar(50) NOT NULL,
  `cvr4_head_date` date DEFAULT NULL,
  PRIMARY KEY (`cvr4_head_id`)
) ENGINE=InnoDB DEFAULT CHARSET=utf8;

-- Dumping data for table saraburi.covid_amount_head_r4: ~4 rows (approximately)
/*!40000 ALTER TABLE `covid_amount_head_r4` DISABLE KEYS */;
INSERT INTO `covid_amount_head_r4` (`cvr4_head_id`, `cvr4_head_date`) VALUES
	('518fddrRcTNEgR8f7tWJ', '2020-03-25'),
	('agiEcPmAwxoUmelcrgIy', '2020-03-26'),
	('QkRnn01ZXgxz5eDWIt1s', '2020-03-26'),
	('XtszEd2lJjqtV753rt0E', '2020-03-26');
/*!40000 ALTER TABLE `covid_amount_head_r4` ENABLE KEYS */;

-- Dumping structure for table saraburi.covid_type
CREATE TABLE IF NOT EXISTS `covid_type` (
  `covid_type_id` int(11) NOT NULL,
  `covid_type_name` varchar(255) DEFAULT NULL,
  PRIMARY KEY (`covid_type_id`)
) ENGINE=InnoDB DEFAULT CHARSET=utf8;

-- Dumping data for table saraburi.covid_type: ~4 rows (approximately)
/*!40000 ALTER TABLE `covid_type` DISABLE KEYS */;
INSERT INTO `covid_type` (`covid_type_id`, `covid_type_name`) VALUES
	(1, 'ผู้ป่วยยืนยัน'),
	(2, 'รอผลการตรวจ'),
	(3, 'ส่งตรวจไม่พบ'),
	(4, 'ผู้ป่วยยืนยัน (เสียชีวิต)');
/*!40000 ALTER TABLE `covid_type` ENABLE KEYS */;

-- Dumping structure for table saraburi.gis_area_r4
CREATE TABLE IF NOT EXISTS `gis_area_r4` (
  `id_area` int(11) NOT NULL,
  `areacode` int(11) NOT NULL,
  `areaname` varchar(100) COLLATE utf8_unicode_ci NOT NULL DEFAULT '',
  `areacoordinates` mediumtext COLLATE utf8_unicode_ci NOT NULL,
  PRIMARY KEY (`id_area`)
) ENGINE=InnoDB DEFAULT CHARSET=utf8 COLLATE=utf8_unicode_ci;

-- Dumping data for table saraburi.gis_area_r4: ~8 rows (approximately)
/*!40000 ALTER TABLE `gis_area_r4` DISABLE KEYS */;
INSERT INTO `gis_area_r4` (`id_area`, `areacode`, `areaname`, `areacoordinates`) VALUES
	(1, 12, 'จ.นนทบุรี', '[[[100.321235966012,14.1296387759886,0],[100.333851047279,14.1285273053678,0],[100.344225065629,14.1156014807718,0],[100.331901850902,14.0564796106234,0],[100.362864011993,13.9922716663234,0],[100.385470620239,13.9876339654374,0],[100.381395908845,13.9946437524834,0],[100.431852527218,13.9815139452707,0],[100.453705544368,13.9667887483156,0],[100.464429637187,13.971510749856,0],[100.501243807845,13.9369084570156,0],[100.532338232988,13.9453890326047,0],[100.540410437889,13.9561319708492,0],[100.567799773206,13.9512509981616,0],[100.543352451519,13.8500000375084,0],[100.506771443028,13.8215198994996,0],[100.515141574644,13.8134583670828,0],[100.501808013063,13.8012749386633,0],[100.466095458644,13.7887855231418,0],[100.469644536381,13.7945699829749,0],[100.460621090571,13.7980621850681,0],[100.327889113286,13.8042131567755,0],[100.277076325216,13.9105019091705,0],[100.264192653313,13.920994551299,0],[100.298051351564,13.9628651294384,0],[100.262242366341,13.9981032750375,0],[100.271860734311,14.0284580993063,0],[100.276238274574,14.0217013727844,0],[100.264159904183,14.0597871736191,0],[100.276444887632,14.0809292680394,0],[100.279877921665,14.1253515101475,0],[100.298395453217,14.1402776826456,0],[100.321235966012,14.1296387759886,0]]]'),
	(2, 13, 'จ.ปทุมธานี', '[[[100.89132807532,14.2512686350809,0],[100.892328249354,14.2437019758285,0],[100.951718178464,14.2721461559237,0],[100.946284923548,14.2372120092997,0],[100.914125183237,14.221707374936,0],[100.912419826422,13.9453982309829,0],[100.805931717655,13.9324128835907,0],[100.747048653238,13.9173246264683,0],[100.687600152239,13.9176021164744,0],[100.689103538299,13.9313394092283,0],[100.639886344832,13.9320090099343,0],[100.60692177506,13.9540136121427,0],[100.608201048783,13.9425426950644,0],[100.57657458666,13.9545534218572,0],[100.563341367871,13.9496526531227,0],[100.540410437889,13.9561319708492,0],[100.532338232988,13.9453890326047,0],[100.501243807845,13.9369084570156,0],[100.464429637187,13.971510749856,0],[100.453705544368,13.9667887483156,0],[100.434798413379,13.9806603994164,0],[100.381395908845,13.9946437524834,0],[100.385470620239,13.9876339654374,0],[100.364820477912,13.9909408645372,0],[100.335538604294,14.0413754710559,0],[100.332093997049,14.0628810046685,0],[100.344225065629,14.1156014807718,0],[100.382838870523,14.1151160761915,0],[100.38311409259,14.1329948364824,0],[100.394079209757,14.1318546704143,0],[100.399125418285,14.114729306142,0],[100.479635012276,14.1115677483639,0],[100.51719111779,14.1294393969093,0],[100.553099799253,14.1106045141804,0],[100.555830106549,14.1197162702429,0],[100.603163566529,14.1348461024496,0],[100.619863811759,14.1292532849181,0],[100.625776091426,14.1458299165243,0],[100.891652152592,14.2754695633885,0],[100.89132807532,14.2512686350809,0]]]'),
	(3, 15, 'จ.อ่างทอง', '[[[100.333184760562,14.7980164225187,0],[100.355898339974,14.7615960088126,0],[100.371206979143,14.7617881446974,0],[100.381052209387,14.7427179012035,0],[100.394629027634,14.7455775529678,0],[100.403306225037,14.7593593863008,0],[100.416519413214,14.7452208076532,0],[100.41487066141,14.7253336764583,0],[100.463313041364,14.7202725360566,0],[100.475273833905,14.703026221233,0],[100.495370566127,14.6996231948742,0],[100.501029885948,14.6812627600687,0],[100.515775839725,14.6815669354975,0],[100.503037951387,14.668871148238,0],[100.508299619097,14.6521853626103,0],[100.499972943848,14.6493659876506,0],[100.503361003708,14.6298598260145,0],[100.491492800395,14.6093579947807,0],[100.492354868355,14.5831069452715,0],[100.478597081743,14.5666520108912,0],[100.491182646562,14.5522318616805,0],[100.498821215602,14.5196328467157,0],[100.490635126607,14.5148548236004,0],[100.500376871821,14.5022941645647,0],[100.49267351825,14.4950386543149,0],[100.496695752993,14.4594662385579,0],[100.462715785158,14.4393519863044,0],[100.434320437438,14.448134032978,0],[100.417548778792,14.444135096521,0],[100.417396001412,14.4843120731512,0],[100.427244744965,14.4936001430057,0],[100.404313094502,14.5087920901735,0],[100.381979708289,14.508768713451,0],[100.369812553708,14.4989362645382,0],[100.319257367008,14.4880606914265,0],[100.286911638775,14.4975926705464,0],[100.278666491989,14.486536971595,0],[100.259253338109,14.4906068265882,0],[100.252662990723,14.4811096174389,0],[100.249722981305,14.4860598472288,0],[100.236358392528,14.4804738534856,0],[100.23122768709,14.5027319601847,0],[100.206201689784,14.5238287163048,0],[100.207829950387,14.5402175181744,0],[100.196117263498,14.5606354286527,0],[100.209809626448,14.5735484891368,0],[100.206820781951,14.5836501295198,0],[100.215153978269,14.5969971394021,0],[100.199780804827,14.5990699387598,0],[100.19125076749,14.6163718417165,0],[100.210642469052,14.6216777574475,0],[100.213762644533,14.637456274623,0],[100.24023079784,14.6505870627348,0],[100.229563356981,14.6550200306019,0],[100.212552852675,14.7119737922032,0],[100.203354972858,14.7153144530913,0],[100.210725875409,14.722877331473,0],[100.203315461961,14.773334959331,0],[100.244626719638,14.8013092530562,0],[100.273109804401,14.798565023315,0],[100.295227486749,14.781204806416,0],[100.299063763559,14.7891107975543,0],[100.313529026427,14.7895712446732,0],[100.310988332003,14.7974488065989,0],[100.333184760562,14.7980164225187,0]]]'),
	(4, 16, 'จ.ลพบุรี', '[[[101.348440286252,15.750392386171,0],[101.380598804451,15.736876339087,0],[101.392453401091,15.7449414386379,0],[101.406080125895,15.7356774103674,0],[101.370476808781,15.5759000310513,0],[101.385885234193,15.4707021520708,0],[101.375455487782,15.3768405020862,0],[101.379139765318,15.3465116487516,0],[101.385795899998,15.3465229702509,0],[101.381121422223,15.2882501027729,0],[101.401358677066,15.1362773314073,0],[101.399143410089,15.0724510739469,0],[101.38117186062,15.067432260076,0],[101.371077102382,15.0431924003175,0],[101.362917062815,15.0459968629568,0],[101.348236365027,14.9940464836411,0],[101.335550284378,14.9891220187971,0],[101.328871810151,14.9662003003014,0],[101.298333703213,14.959244804016,0],[101.257421176101,14.9126058140507,0],[101.196182220237,14.9219232053113,0],[101.148350104787,14.8966966228026,0],[101.0943417918,14.9072346597422,0],[101.090679206241,14.8922253110555,0],[101.073301366079,14.8789836632065,0],[101.091894085267,14.8504719685632,0],[101.088579592645,14.8298782718005,0],[101.077886768723,14.818136552905,0],[101.081426989787,14.8109772763081,0],[101.068232168172,14.8124188302813,0],[101.0725099109,14.7907171080963,0],[101.061862766399,14.7893385076993,0],[101.073262038432,14.7652552141804,0],[101.069230904497,14.7594584434594,0],[101.059591883481,14.760011072226,0],[101.054065442732,14.7902699309446,0],[101.025627830611,14.8110602615806,0],[100.990322151076,14.7633981189732,0],[100.99194218491,14.7403835644483,0],[100.966451399437,14.7514718065054,0],[100.943230663923,14.7411085486951,0],[100.940550672668,14.7512139908179,0],[100.899785444464,14.7720159810002,0],[100.882647758391,14.7638692774613,0],[100.874949519759,14.7820390575672,0],[100.858765549809,14.7884362153329,0],[100.846908927633,14.8044879679592,0],[100.819755016359,14.8031021328018,0],[100.801074728124,14.7917441349998,0],[100.777428416537,14.7959640321469,0],[100.736945426333,14.7747502058457,0],[100.725665342766,14.7602623905418,0],[100.694296754035,14.7622682438869,0],[100.664289280805,14.7368926635764,0],[100.640314758132,14.6751168465003,0],[100.617098733864,14.6630247381149,0],[100.626944623659,14.6554982831424,0],[100.621374096487,14.649857706002,0],[100.611251550691,14.6463612517402,0],[100.582504451334,14.6643474372474,0],[100.552585336686,14.6605112027516,0],[100.548675591087,14.6715000038308,0],[100.513082417674,14.6564646647536,0],[100.506882274603,14.6629111615397,0],[100.515717018358,14.6817051606294,0],[100.501029885948,14.6812627600687,0],[100.495370566127,14.6996231948742,0],[100.475273833905,14.703026221233,0],[100.461205292966,14.7225150608887,0],[100.474591258185,14.72358832976,0],[100.488248925944,14.7474865529246,0],[100.472770523612,14.7612591518904,0],[100.477585078438,14.7673702897212,0],[100.467410740915,14.7983276432594,0],[100.481298160351,14.8125291290481,0],[100.464994146477,14.8213276210035,0],[100.458071176024,14.8573370775989,0],[100.445482064975,14.8596887852323,0],[100.450303993142,14.8731669298932,0],[100.429452289578,14.8795831879774,0],[100.422255132973,14.9044487847643,0],[100.420248359938,14.929118236015,0],[100.447883957149,14.9410851837466,0],[100.452453361445,14.9617470555203,0],[100.441578596639,15.0011448682631,0],[100.46432077128,15.0111208238258,0],[100.469744420632,15.028409572678,0],[100.445444659001,15.0563097372102,0],[100.42737689799,15.0618123286197,0],[100.458662037623,15.1157932292285,0],[100.476931519566,15.1138240060966,0],[100.507663923705,15.1316563122071,0],[100.532204688381,15.1831000649546,0],[100.548959346324,15.1888648418353,0],[100.589352766805,15.2333692485443,0],[100.613089327896,15.2436557860535,0],[100.597408575508,15.2692099474972,0],[100.589858167853,15.2680107484255,0],[100.597332556716,15.2793115804287,0],[100.593615784074,15.2877049930342,0],[100.611678210756,15.2947099825749,0],[100.623176646168,15.3197871685125,0],[100.633507230704,15.323258089145,0],[100.629104243985,15.3377733721121,0],[100.635455933287,15.3480266175878,0],[100.624986078127,15.3584672769054,0],[100.630378401205,15.3860948552202,0],[100.644360978715,15.3965785446291,0],[100.644045014713,15.4173461659836,0],[100.679712492213,15.4522162077148,0],[100.708216501461,15.4401288568066,0],[100.767217938783,15.4604612371714,0],[100.769466913121,15.4949719988298,0],[100.745442420969,15.51265564309,0],[100.754288061472,15.513811240157,0],[100.769171682431,15.5342949086767,0],[100.794182846263,15.5390915172418,0],[100.832161530254,15.5636746408751,0],[100.832775489319,15.5527315854135,0],[100.854914387314,15.5475784108997,0],[100.854464078782,15.5269377550567,0],[100.884176235803,15.5297201462526,0],[100.88908829638,15.5146231702422,0],[100.910568586665,15.5008915298825,0],[100.911264689233,15.4896214872743,0],[100.926982876615,15.4830590534779,0],[100.933369988246,15.4695695461663,0],[100.924320251719,15.4347596023334,0],[100.932534048593,15.4137134245109,0],[100.948334546359,15.4060989123979,0],[100.977261525533,15.4142099135057,0],[100.9839219045,15.3480118290616,0],[100.976860746419,15.3395148730319,0],[100.985618425539,15.324724889637,0],[101.004069288995,15.3231255717935,0],[101.022768113988,15.3385171925782,0],[101.029198699589,15.3225225345525,0],[101.054560304654,15.3200633002335,0],[101.082269775561,15.3522882355929,0],[101.111849253569,15.3420606050698,0],[101.110523051125,15.3364473161372,0],[101.147385724269,15.3393856776368,0],[101.203028337698,15.326040294617,0],[101.247708496989,15.3536914618541,0],[101.278466436011,15.3632225940953,0],[101.305196408626,15.3914642922285,0],[101.307466025664,15.4349423177556,0],[101.297624721003,15.455909925476,0],[101.306868150332,15.4723460000969,0],[101.300191116354,15.506213845579,0],[101.305114758507,15.520473233371,0],[101.28807106307,15.5310731181655,0],[101.307407510234,15.5521728253212,0],[101.320970499807,15.6164953409187,0],[101.350939550131,15.6565186537905,0],[101.336077053728,15.7368531727763,0],[101.348440286252,15.750392386171,0]]]'),
	(5, 17, 'จ.สิงห์บุรี', '[[[100.364971073396,15.0935401142409,0],[100.423051865779,15.0526719054105,0],[100.42737689799,15.0618123286197,0],[100.44513787498,15.0565071534258,0],[100.469744420632,15.028409572678,0],[100.46432077128,15.0111208238258,0],[100.441578596639,15.0011448682631,0],[100.450576161582,14.9807064913694,0],[100.448487860481,14.9421558428659,0],[100.419501093323,14.9256530684767,0],[100.42940511402,14.879652404218,0],[100.449701531057,14.8740192568996,0],[100.445482064975,14.8596887852323,0],[100.458071176024,14.8573370775989,0],[100.464994146477,14.8213276210035,0],[100.481298160351,14.8125291290481,0],[100.467410740915,14.7983276432594,0],[100.477585078438,14.7673702897212,0],[100.472770523612,14.7612591518904,0],[100.488248925944,14.7474865529246,0],[100.474591258185,14.72358832976,0],[100.461992732194,14.7247449607621,0],[100.464896146638,14.7187428657644,0],[100.435462444164,14.7279604560504,0],[100.41487066141,14.7253336764583,0],[100.416519413214,14.7452208076532,0],[100.403306225037,14.7593593863008,0],[100.394629027634,14.7455775529678,0],[100.381052209387,14.7427179012035,0],[100.371206979143,14.7617881446974,0],[100.355898339974,14.7615960088126,0],[100.329259191761,14.8017994347476,0],[100.310829275017,14.797360447795,0],[100.313529026427,14.7895712446732,0],[100.299063763559,14.7891107975543,0],[100.295227486749,14.781204806416,0],[100.273109804401,14.798565023315,0],[100.244810365076,14.8013342508132,0],[100.226489883007,14.7943465328666,0],[100.204166905767,14.8092813305845,0],[100.218221141156,14.8444698472372,0],[100.216369025113,14.8731351671223,0],[100.224445686602,14.8826775370054,0],[100.210115244438,14.8843197002412,0],[100.206459485665,14.8959186873288,0],[100.222251258888,14.9053999815123,0],[100.186194079142,14.9072483270317,0],[100.181469627168,14.9347431067903,0],[100.197213735102,14.9398759232485,0],[100.201705688738,14.9543190530941,0],[100.25891857564,14.9438833106619,0],[100.287965212286,14.9634858855696,0],[100.288660497143,14.9924890305889,0],[100.276299281646,14.9924817766434,0],[100.267151606139,15.0114318233544,0],[100.250905249301,15.0125341133424,0],[100.236900150807,15.0379820238655,0],[100.277830540465,15.066289089572,0],[100.293915402567,15.0665108884491,0],[100.293587522183,15.0820059440726,0],[100.353802402057,15.1192530130588,0],[100.354077081193,15.1016784642069,0],[100.364971073396,15.0935401142409,0]]]'),
	(6, 19, 'จ.สระบุรี', '[[[101.403466871504,15.0616352714905,0],[101.424638381828,15.0126027499914,0],[101.42033011948,14.9969652143733,0],[101.431732801468,14.9723068938191,0],[101.432799869182,14.946106539321,0],[101.449223259307,14.9129802191741,0],[101.450841934914,14.8577011349288,0],[101.415403451798,14.8443591291329,0],[101.393658542392,14.8168372039565,0],[101.337488461886,14.7865762924614,0],[101.332751873349,14.762960772616,0],[101.306974035993,14.7585508422983,0],[101.29468376816,14.7373390913515,0],[101.284019668422,14.7465475639018,0],[101.280662731006,14.7323864157076,0],[101.232451274139,14.7321664748587,0],[101.213908906031,14.7543021332332,0],[101.197324814007,14.7567080265755,0],[101.197786009663,14.749062884328,0],[101.188411214321,14.7493110755676,0],[101.1938551097,14.7312875474863,0],[101.185389222552,14.7226334993442,0],[101.186783737772,14.7117650533772,0],[101.20377633683,14.6836997561811,0],[101.204249660211,14.6083084237348,0],[101.215493179688,14.5878931469651,0],[101.181059711832,14.5436220452768,0],[101.187575757784,14.5300109030789,0],[101.195451218274,14.5309244152482,0],[101.223092041632,14.5041441811481,0],[101.242782448912,14.4715304819683,0],[101.225235089189,14.4730683121345,0],[101.233863776901,14.4588660853359,0],[101.222127864897,14.4461261412465,0],[101.229105238506,14.4337446053039,0],[101.214810008021,14.4378878130185,0],[101.209287087569,14.4290970023358,0],[101.211208921847,14.4139768170423,0],[101.20224829628,14.4025511848551,0],[101.210944499786,14.3727602383304,0],[101.186103102304,14.3672237935831,0],[101.185014212354,14.353817705129,0],[101.164624266705,14.3428136556042,0],[101.146565462783,14.3744417264961,0],[101.116715222283,14.3838282172915,0],[101.085390916672,14.3825420317973,0],[101.071340409797,14.405630679044,0],[101.056080201903,14.4143905616816,0],[101.05416111351,14.3921851275877,0],[101.062179472219,14.3729577744273,0],[101.049268206505,14.3475695907716,0],[101.014797358106,14.3128800155755,0],[101.013784435345,14.3010006012124,0],[100.98935032119,14.2978671035566,0],[100.98723397234,14.2872561451035,0],[100.980326561851,14.2918706482352,0],[100.892328249354,14.2437019758285,0],[100.891652152592,14.2754695633885,0],[100.82306347106,14.2438999079135,0],[100.823541732156,14.3295257453699,0],[100.787271231722,14.3225791935964,0],[100.773651255474,14.3270737554204,0],[100.793015972468,14.3644139731668,0],[100.78544185599,14.3796265837925,0],[100.797088111546,14.3906515490132,0],[100.780854127541,14.3988497207132,0],[100.779037205711,14.4119943206012,0],[100.770428022438,14.4072395551259,0],[100.759516053779,14.4139346202734,0],[100.771497125031,14.4353823553102,0],[100.76022029463,14.451116000241,0],[100.770355393098,14.4660858644849,0],[100.765966413835,14.4783211272984,0],[100.773104562725,14.4830540871339,0],[100.765188675271,14.4859775410516,0],[100.772378565669,14.4931774408796,0],[100.761218410099,14.4946272235184,0],[100.748946499311,14.5171872364807,0],[100.77727653718,14.5296622597784,0],[100.774250007074,14.5507003580764,0],[100.780908710984,14.5673346438279,0],[100.701983784318,14.5752568307296,0],[100.655969534277,14.6060757034826,0],[100.675891562988,14.5578208784533,0],[100.650690297822,14.5486995971864,0],[100.61871902299,14.5605869353148,0],[100.603253816951,14.5559527378015,0],[100.603167273286,14.5784874191587,0],[100.575285464017,14.5968592737427,0],[100.58564102405,14.6327432811521,0],[100.602385100078,14.6538396410012,0],[100.61159570138,14.6462933401517,0],[100.626747414665,14.6549573620661,0],[100.617098733864,14.6630247381149,0],[100.640314758132,14.6751168465003,0],[100.664289280805,14.7368926635764,0],[100.691442687634,14.7604228100977,0],[100.725665342766,14.7602623905418,0],[100.736945426333,14.7747502058457,0],[100.777428416537,14.7959640321469,0],[100.801074728124,14.7917441349998,0],[100.819755016359,14.8031021328018,0],[100.846908927633,14.8044879679592,0],[100.858765549809,14.7884362153329,0],[100.874949519759,14.7820390575672,0],[100.882647758391,14.7638692774613,0],[100.899785444464,14.7720159810002,0],[100.940550672668,14.7512139908179,0],[100.943230663923,14.7411085486951,0],[100.966451399437,14.7514718065054,0],[100.99194218491,14.7403835644483,0],[100.990322151076,14.7633981189732,0],[101.025627830611,14.8110602615806,0],[101.054065442732,14.7902699309446,0],[101.059591883481,14.760011072226,0],[101.069230904497,14.7594584434594,0],[101.073262038432,14.7652552141804,0],[101.061862766399,14.7893385076993,0],[101.0725099109,14.7907171080963,0],[101.068232168172,14.8124188302813,0],[101.081426989787,14.8109772763081,0],[101.077886768723,14.818136552905,0],[101.088579592645,14.8298782718005,0],[101.091894085267,14.8504719685632,0],[101.073301366079,14.8789836632065,0],[101.090679206241,14.8922253110555,0],[101.0943417918,14.9072346597422,0],[101.148350104787,14.8966966228026,0],[101.196182220237,14.9219232053113,0],[101.258533760898,14.9129867390462,0],[101.298333703213,14.959244804016,0],[101.328871810151,14.9662003003014,0],[101.335550284378,14.9891220187971,0],[101.348236365027,14.9940464836411,0],[101.362917062815,15.0459968629568,0],[101.37146451685,15.0435474749791,0],[101.38117186062,15.067432260076,0],[101.39706074538,15.0741139685826,0],[101.403466871504,15.0616352714905,0]]]'),
	(7, 26, 'จ.นครนายก', '[[[101.282522543684,14.4977324419306,0],[101.284987976118,14.4893925723136,0],[101.306247150667,14.4984933695111,0],[101.312322504055,14.4713596930456,0],[101.365669657643,14.4493656474175,0],[101.381570752885,14.4339117076299,0],[101.379775920235,14.4236786833101,0],[101.395954054693,14.4186779469111,0],[101.39705557727,14.4087725861196,0],[101.422402761053,14.3832486295079,0],[101.43229691716,14.3894227077681,0],[101.475869176615,14.3647810598922,0],[101.505431551556,14.308868305128,0],[101.498523745565,14.2676241709995,0],[101.41475322188,14.253323159158,0],[101.395137600458,14.2736698219764,0],[101.381853227326,14.2728137240443,0],[101.382252076118,14.2105081848989,0],[101.345535124507,14.1973127297207,0],[101.329396373479,14.1762476064388,0],[101.314841242933,14.1730511894668,0],[101.28901539651,14.1499288066757,0],[101.286831003191,14.1321857405188,0],[101.303629388876,14.1198748961576,0],[101.321019082394,14.0775317108924,0],[101.279213799998,14.0556112022585,0],[101.260104688442,14.0620536475848,0],[101.213440213624,14.0555643416845,0],[101.202161325186,14.0448354365138,0],[101.199693938036,14.0236592299237,0],[101.193572653959,14.0241790068878,0],[101.196190758645,14.0137919679854,0],[101.171832331266,14.0111922748323,0],[101.169418526984,14.0039148525349,0],[101.16490631843,14.0089014371772,0],[101.16501710344,14.0019583134192,0],[101.145717494115,13.9968210173055,0],[101.139225611767,14.0012531348895,0],[101.141038232714,13.9712384322605,0],[101.045327027688,13.9764189647782,0],[100.912630471918,13.9608485939224,0],[100.914125183237,14.221707374936,0],[100.946284923548,14.2372120092997,0],[100.951722851138,14.2721506362163,0],[100.980326561851,14.2918706482352,0],[100.987753054004,14.2876019943541,0],[100.98935032119,14.2978671035566,0],[101.013784435345,14.3010006012124,0],[101.014797358106,14.3128800155755,0],[101.049268206505,14.3475695907716,0],[101.063040727766,14.3770969297471,0],[101.05427647968,14.3916215964585,0],[101.054333093601,14.4134445036975,0],[101.071340409797,14.405630679044,0],[101.085390916672,14.3825420317973,0],[101.116715222283,14.3838282172915,0],[101.146565462783,14.3744417264961,0],[101.165108693802,14.3429515521865,0],[101.185014212354,14.353817705129,0],[101.186103102304,14.3672237935831,0],[101.210944499786,14.3727602383304,0],[101.20227387521,14.4027960434177,0],[101.211208921847,14.4139768170423,0],[101.213049426035,14.4365885180237,0],[101.229318185619,14.4343547587303,0],[101.222127864897,14.4461261412465,0],[101.233863776901,14.4588660853359,0],[101.225235089189,14.4730683121345,0],[101.242821502838,14.4715526983755,0],[101.243854080346,14.4891712351734,0],[101.27259920889,14.5124852260022,0],[101.282522543684,14.4977324419306,0]]]'),
	(8, 1401, 'พระนครศรีอยุธยา', '[[[100.509465007277,14.6728878977252,0],[100.513215670992,14.6564344217913,0],[100.548675591087,14.6715000038308,0],[100.552585336686,14.6605112027516,0],[100.582504451334,14.6643474372474,0],[100.603242264445,14.6552177438159,0],[100.584528280478,14.6311329598053,0],[100.575048969517,14.5982708876982,0],[100.603167273286,14.5784874191587,0],[100.603253816951,14.5559527378015,0],[100.61871902299,14.5605869353148,0],[100.650690297822,14.5486995971864,0],[100.675891562988,14.5578208784533,0],[100.655969534277,14.6060757034826,0],[100.701983784318,14.5752568307296,0],[100.780908710984,14.5673346438279,0],[100.774250007074,14.5507003580764,0],[100.77727653718,14.5296622597784,0],[100.748946499311,14.5171872364807,0],[100.761218410099,14.4946272235184,0],[100.772378565669,14.4931774408796,0],[100.765188675271,14.4859775410516,0],[100.773104562725,14.4830540871339,0],[100.765966413835,14.4783211272984,0],[100.770355393098,14.4660858644849,0],[100.76022029463,14.451116000241,0],[100.771497125031,14.4353823553102,0],[100.759516053779,14.4139346202734,0],[100.770428022438,14.4072395551259,0],[100.779037205711,14.4119943206012,0],[100.780854127541,14.3988497207132,0],[100.797088111546,14.3906515490132,0],[100.78544185599,14.3796265837925,0],[100.793015972468,14.3644139731668,0],[100.773651255474,14.3270737554204,0],[100.787271231722,14.3225791935964,0],[100.823541732156,14.3295257453699,0],[100.82312504487,14.2439954646975,0],[100.620122231953,14.1427011725339,0],[100.619863811759,14.1292532849181,0],[100.603163566529,14.1348461024496,0],[100.555830106549,14.1197162702429,0],[100.553099799253,14.1106045141804,0],[100.51719111779,14.1294393969093,0],[100.474498044744,14.1112794990776,0],[100.399125418285,14.114729306142,0],[100.394079209757,14.1318546704143,0],[100.38311409259,14.1329948364824,0],[100.382838870523,14.1151160761915,0],[100.345848734653,14.1140952013319,0],[100.333851047279,14.1285273053678,0],[100.299895785988,14.1403136421928,0],[100.279877921665,14.1253515101475,0],[100.283670152764,14.1700517564893,0],[100.234243024531,14.1751385696362,0],[100.235630230128,14.2037318242317,0],[100.225657291655,14.1993263559668,0],[100.231108530359,14.2109668098139,0],[100.224871293847,14.2318078695071,0],[100.237018306376,14.2405581472306,0],[100.242165708757,14.2630443310726,0],[100.251112839961,14.2656428605685,0],[100.260545858089,14.3177962232711,0],[100.280107176499,14.3429589880123,0],[100.26836246773,14.3755789460096,0],[100.280878316397,14.4002499565359,0],[100.2725650615,14.4296819755052,0],[100.244282490969,14.4557454890184,0],[100.250285549381,14.4778973306041,0],[100.258545104187,14.4903665479746,0],[100.277958585513,14.4863543771329,0],[100.286911638775,14.4975926705464,0],[100.319257367008,14.4880606914265,0],[100.392337444754,14.5099843042683,0],[100.427244744965,14.4936001430057,0],[100.417396001412,14.4843120731512,0],[100.417548778792,14.444135096521,0],[100.434320437438,14.448134032978,0],[100.461452693498,14.4390106836199,0],[100.496695752993,14.4594662385579,0],[100.49267351825,14.4950386543149,0],[100.500376871821,14.5022941645647,0],[100.490635126607,14.5148548236004,0],[100.498821215602,14.5196328467157,0],[100.491182646562,14.5522318616805,0],[100.478501842863,14.5653295355731,0],[100.492165680475,14.5824053797318,0],[100.491492800395,14.6093579947807,0],[100.503361003708,14.6298598260145,0],[100.499814068267,14.6484439215749,0],[100.508299619097,14.6521853626103,0],[100.502751618636,14.6671341615417,0],[100.509465007277,14.6728878977252,0]]]');
/*!40000 ALTER TABLE `gis_area_r4` ENABLE KEYS */;

/*!40101 SET SQL_MODE=IFNULL(@OLD_SQL_MODE, '') */;
/*!40014 SET FOREIGN_KEY_CHECKS=IF(@OLD_FOREIGN_KEY_CHECKS IS NULL, 1, @OLD_FOREIGN_KEY_CHECKS) */;
/*!40101 SET CHARACTER_SET_CLIENT=@OLD_CHARACTER_SET_CLIENT */;
